influencer_name,email_subject,email_body,instagram_dm,email_word_count,dm_word_count
Ai Tools Munna,Potential EDXSO Collaboration with Ai Tools Munna,"Hi Ai Tools Munna,

I'm reaching out from EDXSO. Your channel focuses on AI / Technology, and you currently have 47,500 subscribers. We're exploring potential creator collaborations and would be interested in discussing whether there could be a fit with your content. If you're open to hearing more, I can share the collaboration details, expected deliverables, and next steps. Thanks for your time, and I look forward to connecting.

Best,
EDXSO",Hi Ai Tools Munna! I came across your AI / Technology content and would love to explore a potential EDXSO collaboration. Interested in hearing more?,70,24
AI TOOLS,Potential EDXSO Collaboration with AI TOOLS,"Hi AI TOOLS,

I'm reaching out from EDXSO. Your channel focuses on AI / Technology, and you currently have 5,720 subscribers. We're exploring potential creator collaborations and would be interested in discussing whether there could be a fit with your content. If you're open to hearing more, I can share the collaboration details, expected deliverables, and next steps. Thanks for your time, and I look forward to connecting.

Best,
EDXSO",Hi AI TOOLS! I came across your AI / Technology content and would love to explore a potential EDXSO collaboration. Interested in hearing more?,69,23
AI Story Tool,Potential EDXSO Collaboration with AI Story Tool,"Hi AI Story Tool,

I'm reaching out from EDXSO. Your channel focuses on AI / Technology, and you currently have 98,800 subscribers. We're exploring potential creator collaborations and would be interested in discussing whether there could be a fit with your content. If you're open to hearing more, I can share the collaboration details, expected deliverables, and next steps. Thanks for your time, and I look forward to connecting.

Best,
EDXSO",Hi AI Story Tool! I came across your AI / Technology content and would love to explore a potential EDXSO collaboration. Interested in hearing more?,70,24
AI Tools,Potential EDXSO Collaboration with AI Tools,"Hi AI Tools,

I'm reaching out from EDXSO. Your channel focuses on AI / Technology, and you currently have 8,750 subscribers. We're exploring potential creator collaborations and would be interested in discussing whether there could be a fit with your content. If you're open to hearing more, I can share the collaboration details, expected deliverables, and next steps. Thanks for your time, and I look forward to connecting.

Best,
EDXSO",Hi AI Tools! I came across your AI / Technology content and would love to explore a potential EDXSO collaboration. Interested in hearing more?,69,23
AI Tools Unlimited,Potential EDXSO Collaboration with AI Tools Unlimited,"Hi AI Tools Unlimited,

I'm reaching out from EDXSO. Your channel focuses on RAG, and you currently have 7,580 subscribers. We're exploring potential creator collaborations and would be interested in discussing whether there could be a fit with your content. If you're open to hearing more, I can share the collaboration details, expected deliverables, and next steps. Thanks for your time, and I look forward to connecting.

Best,
EDXSO",Hi AI Tools Unlimited! I came across your RAG content and would love to explore a potential EDXSO collaboration. Interested in hearing more?,69,23
AI Tools,Potential EDXSO Collaboration with AI Tools,"Hi AI Tools,

I'm reaching out from EDXSO. Your channel focuses on AI / Technology, and you currently have 32,000 subscribers. We're exploring potential creator collaborations and would be interested in discussing whether there could be a fit with your content. If you're open to hearing more, I can share the collaboration details, expected deliverables, and next steps. Thanks for your time, and I look forward to connecting.

Best,
EDXSO",Hi AI Tools! I came across your AI / Technology content and would love to explore a potential EDXSO collaboration. Interested in hearing more?,69,23
Ai Tools Research,Potential EDXSO Collaboration with Ai Tools Research,"Hi Ai Tools Research,

I'm reaching out from EDXSO. Your channel focuses on AI / Technology, and you currently have 10,200 subscribers. We're exploring potential creator collaborations and would be interested in discussing whether there could be a fit with your content. If you're open to hearing more, I can share the collaboration details, expected deliverables, and next steps. Thanks for your time, and I look forward to connecting.

Best,
EDXSO",Hi Ai Tools Research! I came across your AI / Technology content and would love to explore a potential EDXSO collaboration. Interested in hearing more?,70,24
Piu Ai Tools ♡,Potential EDXSO Collaboration with Piu Ai Tools ♡,"Hi Piu Ai Tools ♡,

I'm reaching out from EDXSO. Your channel focuses on Generative AI, and you currently have 64,000 subscribers. We're exploring potential creator collaborations and would be interested in discussing whether there could be a fit with your content. If you're open to hearing more, I can share the collaboration details, expected deliverables, and next steps. Thanks for your time, and I look forward to connecting.

Best,
EDXSO",Hi Piu Ai Tools ♡! I came across your Generative AI content and would love to explore a potential EDXSO collaboration. Interested in hearing more?,70,24
AI Tools Bazaar,Potential EDXSO Collaboration with AI Tools Bazaar,"Hi AI Tools Bazaar,

I'm reaching out from EDXSO. Your channel focuses on AI / Technology, and you currently have 28,200 subscribers. We're exploring potential creator collaborations and would be interested in discussing whether there could be a fit with your content. If you're open to hearing more, I can share the collaboration details, expected deliverables, and next steps. Thanks for your time, and I look forward to connecting.

Best,
EDXSO",Hi AI Tools Bazaar! I came across your AI / Technology content and would love to explore a potential EDXSO collaboration. Interested in hearing more?,70,24
"Ramesh Fadatare - AI, Generative AI & AI Tools","Potential EDXSO Collaboration with Ramesh Fadatare - AI, Generative AI & AI Tools","Hi Ramesh Fadatare - AI, Generative AI & AI Tools,

I'm reaching out from EDXSO. Your channel focuses on Generative AI, LLMs, and you currently have 12,700 subscribers. We're exploring potential creator collaborations and would be interested in discussing whether there could be a fit with your content. If you're open to hearing more, I can share the collaboration details, expected deliverables, and next steps. Thanks for your time, and I look forward to connecting.

Best,
EDXSO","Hi Ramesh Fadatare! I came across your Generative AI, LLMs content and would love to explore a potential EDXSO collaboration. Interested in hearing more?",75,24
Smart AI Tools,Potential EDXSO Collaboration with Smart AI Tools,"Hi Smart AI Tools,

I'm reaching out from EDXSO. Your channel focuses on AI / Technology, and you currently have 78,200 subscribers. We're exploring potential creator collaborations and would be interested in discussing whether there could be a fit with your content. If you're open to hearing more, I can share the collaboration details, expected deliverables, and next steps. Thanks for your time, and I look forward to connecting.

Best,
EDXSO",Hi Smart AI Tools! I came across your AI / Technology content and would love to explore a potential EDXSO collaboration. Interested in hearing more?,70,24
Quick Tips - Web Desiign & Ai Tools,Potential EDXSO Collaboration with Quick Tips - Web Desiign & Ai Tools,"Hi Quick Tips - Web Desiign & Ai Tools,

I'm reaching out from EDXSO. Your channel focuses on AI / Technology, and you currently have 34,300 subscribers. We're exploring potential creator collaborations and would be interested in discussing whether there could be a fit with your content. If you're open to hearing more, I can share the collaboration details, expected deliverables, and next steps. Thanks for your time, and I look forward to connecting.

Best,
EDXSO",Hi Quick Tips! I came across your AI / Technology content and would love to explore a potential EDXSO collaboration. Interested in hearing more?,73,23
DSwithBappy,Potential EDXSO Collaboration with DSwithBappy,"Hi DSwithBappy,

I'm reaching out from EDXSO. Your channel focuses on Generative AI, Machine Learning, and you currently have 59,600 subscribers. We're exploring potential creator collaborations and would be interested in discussing whether there could be a fit with your content. If you're open to hearing more, I can share the collaboration details, expected deliverables, and next steps. Thanks for your time, and I look forward to connecting.

Best,
EDXSO","Hi DSwithBappy! I came across your Generative AI, Machine Learning content and would love to explore a potential EDXSO collaboration. Interested in hearing more?",70,24
Hope Artificial Intelligence,Potential EDXSO Collaboration with Hope Artificial Intelligence,"Hi Hope Artificial Intelligence,

I'm reaching out from EDXSO. Your channel focuses on Generative AI, LLMs, and you currently have 66,100 subscribers. We're exploring potential creator collaborations and would be interested in discussing whether there could be a fit with your content. If you're open to hearing more, I can share the collaboration details, expected deliverables, and next steps. Thanks for your time, and I look forward to connecting.

Best,
EDXSO","Hi Hope Artificial Intelligence! I came across your Generative AI, LLMs content and would love to explore a potential EDXSO collaboration. Interested in hearing more?",71,25
AI with Thiru,Potential EDXSO Collaboration with AI with Thiru,"Hi AI with Thiru,

I'm reaching out from EDXSO. Your channel focuses on Generative AI, LLMs, and you currently have 45,400 subscribers. We're exploring potential creator collaborations and would be interested in discussing whether there could be a fit with your content. If you're open to hearing more, I can share the collaboration details, expected deliverables, and next steps. Thanks for your time, and I look forward to connecting.

Best,
EDXSO","Hi AI with Thiru! I came across your Generative AI, LLMs content and would love to explore a potential EDXSO collaboration. Interested in hearing more?",71,25
GenerativeAI,Potential EDXSO Collaboration with GenerativeAI,"Hi GenerativeAI,

I'm reaching out from EDXSO. Your channel focuses on Generative AI, LLMs, and you currently have 9,110 subscribers. We're exploring potential creator collaborations and would be interested in discussing whether there could be a fit with your content. If you're open to hearing more, I can share the collaboration details, expected deliverables, and next steps. Thanks for your time, and I look forward to connecting.

Best,
EDXSO","Hi GenerativeAI! I came across your Generative AI, LLMs content and would love to explore a potential EDXSO collaboration. Interested in hearing more?",69,23
Generative AI with Varun,Potential EDXSO Collaboration with Generative AI with Varun,"Hi Generative AI with Varun,

I'm reaching out from EDXSO. Your channel focuses on Generative AI, LLMs, and you currently have 33,500 subscribers. We're exploring potential creator collaborations and would be interested in discussing whether there could be a fit with your content. If you're open to hearing more, I can share the collaboration details, expected deliverables, and next steps. Thanks for your time, and I look forward to connecting.

Best,
EDXSO","Hi Generative AI with Varun! I came across your Generative AI, LLMs content and would love to explore a potential EDXSO collaboration. Interested in hearing more?",72,26
School of AI,Potential EDXSO Collaboration with School of AI,"Hi School of AI,

I'm reaching out from EDXSO. Your channel focuses on Generative AI, Machine Learning, and you currently have 86,500 subscribers. We're exploring potential creator collaborations and would be interested in discussing whether there could be a fit with your content. If you're open to hearing more, I can share the collaboration details, expected deliverables, and next steps. Thanks for your time, and I look forward to connecting.

Best,
EDXSO","Hi School of AI! I came across your Generative AI, Machine Learning content and would love to explore a potential EDXSO collaboration. Interested in hearing more?",72,26
AI at Meta,Potential EDXSO Collaboration with AI at Meta,"Hi AI at Meta,

I'm reaching out from EDXSO. Your channel focuses on Generative AI, and you currently have 39,800 subscribers. We're exploring potential creator collaborations and would be interested in discussing whether there could be a fit with your content. If you're open to hearing more, I can share the collaboration details, expected deliverables, and next steps. Thanks for your time, and I look forward to connecting.

Best,
EDXSO",Hi AI at Meta! I came across your Generative AI content and would love to explore a potential EDXSO collaboration. Interested in hearing more?,70,24
Deepia,Potential EDXSO Collaboration with Deepia,"Hi Deepia,

I'm reaching out from EDXSO. Your channel focuses on Machine Learning, and you currently have 43,500 subscribers. We're exploring potential creator collaborations and would be interested in discussing whether there could be a fit with your content. If you're open to hearing more, I can share the collaboration details, expected deliverables, and next steps. Thanks for your time, and I look forward to connecting.

Best,
EDXSO",Hi Deepia! I came across your Machine Learning content and would love to explore a potential EDXSO collaboration. Interested in hearing more?,68,22
"No Priors: AI, Machine Learning, Tech, & Startups","Potential EDXSO Collaboration with No Priors: AI, Machine Learning, Tech, & Startups","Hi No Priors: AI, Machine Learning, Tech, & Startups,

I'm reaching out from EDXSO. Your channel focuses on Developer Tools, and you currently have 97,500 subscribers. We're exploring potential creator collaborations and would be interested in discussing whether there could be a fit with your content. If you're open to hearing more, I can share the collaboration details, expected deliverables, and next steps. Thanks for your time, and I look forward to connecting.

Best,
EDXSO","Hi No Priors: AI, Machine! I came across your Developer Tools content and would love to explore a potential EDXSO collaboration. Interested in hearing more?",74,25
Machine Learning- Sudeshna Sarkar,Potential EDXSO Collaboration with Machine Learning- Sudeshna Sarkar,"Hi Machine Learning- Sudeshna Sarkar,

I'm reaching out from EDXSO. Your channel focuses on Machine Learning, and you currently have 33,500 subscribers. We're exploring potential creator collaborations and would be interested in discussing whether there could be a fit with your content. If you're open to hearing more, I can share the collaboration details, expected deliverables, and next steps. Thanks for your time, and I look forward to connecting.

Best,
EDXSO",Hi Machine Learning- Sudeshna Sarkar! I came across your Machine Learning content and would love to explore a potential EDXSO collaboration. Interested in hearing more?,71,25
Machine Learning & Simulation,Potential EDXSO Collaboration with Machine Learning & Simulation,"Hi Machine Learning & Simulation,

I'm reaching out from EDXSO. Your channel focuses on Machine Learning, Developer Tools, and you currently have 34,400 subscribers. We're exploring potential creator collaborations and would be interested in discussing whether there could be a fit with your content. If you're open to hearing more, I can share the collaboration details, expected deliverables, and next steps. Thanks for your time, and I look forward to connecting.

Best,
EDXSO","Hi Machine Learning & Simulation! I came across your Machine Learning, Developer Tools content and would love to explore a potential EDXSO collaboration. Interested in hearing more?",72,26
Machine Learning with Phil,Potential EDXSO Collaboration with Machine Learning with Phil,"Hi Machine Learning with Phil,

I'm reaching out from EDXSO. Your channel focuses on Machine Learning, and you currently have 45,100 subscribers. We're exploring potential creator collaborations and would be interested in discussing whether there could be a fit with your content. If you're open to hearing more, I can share the collaboration details, expected deliverables, and next steps. Thanks for your time, and I look forward to connecting.

Best,
EDXSO",Hi Machine Learning with Phil! I came across your Machine Learning content and would love to explore a potential EDXSO collaboration. Interested in hearing more?,71,25
Machine Learning Mastery,Potential EDXSO Collaboration with Machine Learning Mastery,"Hi Machine Learning Mastery,

I'm reaching out from EDXSO. Your channel focuses on AI / Technology, and you currently have 6,950 subscribers. We're exploring potential creator collaborations and would be interested in discussing whether there could be a fit with your content. If you're open to hearing more, I can share the collaboration details, expected deliverables, and next steps. Thanks for your time, and I look forward to connecting.

Best,
EDXSO",Hi Machine Learning Mastery! I came across your AI / Technology content and would love to explore a potential EDXSO collaboration. Interested in hearing more?,70,24
Smitha Kolan - Machine Learning Engineer,Potential EDXSO Collaboration with Smitha Kolan - Machine Learning Engineer,"Hi Smitha Kolan - Machine Learning Engineer,

I'm reaching out from EDXSO. Your channel focuses on AI / Technology, and you currently have 76,600 subscribers. We're exploring potential creator collaborations and would be interested in discussing whether there could be a fit with your content. If you're open to hearing more, I can share the collaboration details, expected deliverables, and next steps. Thanks for your time, and I look forward to connecting.

Best,
EDXSO",Hi Smitha Kolan! I came across your AI / Technology content and would love to explore a potential EDXSO collaboration. Interested in hearing more?,72,23
Machine Learning para humanos,Potential EDXSO Collaboration with Machine Learning para humanos,"Hi Machine Learning para humanos,

I'm reaching out from EDXSO. Your channel focuses on AI / Technology, and you currently have 7,050 subscribers. We're exploring potential creator collaborations and would be interested in discussing whether there could be a fit with your content. If you're open to hearing more, I can share the collaboration details, expected deliverables, and next steps. Thanks for your time, and I look forward to connecting.

Best,
EDXSO",Hi Machine Learning para humanos! I came across your AI / Technology content and would love to explore a potential EDXSO collaboration. Interested in hearing more?,71,25
Machine Learning With Hamza,Potential EDXSO Collaboration with Machine Learning With Hamza,"Hi Machine Learning With Hamza,

I'm reaching out from EDXSO. Your channel focuses on Machine Learning, and you currently have 6,120 subscribers. We're exploring potential creator collaborations and would be interested in discussing whether there could be a fit with your content. If you're open to hearing more, I can share the collaboration details, expected deliverables, and next steps. Thanks for your time, and I look forward to connecting.

Best,
EDXSO",Hi Machine Learning With Hamza! I came across your Machine Learning content and would love to explore a potential EDXSO collaboration. Interested in hearing more?,71,25
Intuitive Machine Learning,Potential EDXSO Collaboration with Intuitive Machine Learning,"Hi Intuitive Machine Learning,

I'm reaching out from EDXSO. Your channel focuses on Generative AI, and you currently have 22,800 subscribers. We're exploring potential creator collaborations and would be interested in discussing whether there could be a fit with your content. If you're open to hearing more, I can share the collaboration details, expected deliverables, and next steps. Thanks for your time, and I look forward to connecting.

Best,
EDXSO",Hi Intuitive Machine Learning! I came across your Generative AI content and would love to explore a potential EDXSO collaboration. Interested in hearing more?,70,24
Machine Learning Studio,Potential EDXSO Collaboration with Machine Learning Studio,"Hi Machine Learning Studio,

I'm reaching out from EDXSO. Your channel focuses on LLMs, Machine Learning, and you currently have 6,500 subscribers. We're exploring potential creator collaborations and would be interested in discussing whether there could be a fit with your content. If you're open to hearing more, I can share the collaboration details, expected deliverables, and next steps. Thanks for your time, and I look forward to connecting.

Best,
EDXSO","Hi Machine Learning Studio! I came across your LLMs, Machine Learning content and would love to explore a potential EDXSO collaboration. Interested in hearing more?",71,25
Machine Learning,Potential EDXSO Collaboration with Machine Learning,"Hi Machine Learning,

I'm reaching out from EDXSO. Your channel focuses on Machine Learning, Developer Tools, and you currently have 5,090 subscribers. We're exploring potential creator collaborations and would be interested in discussing whether there could be a fit with your content. If you're open to hearing more, I can share the collaboration details, expected deliverables, and next steps. Thanks for your time, and I look forward to connecting.

Best,
EDXSO","Hi Machine Learning! I came across your Machine Learning, Developer Tools content and would love to explore a potential EDXSO collaboration. Interested in hearing more?",71,25
Machine Learning Hub,Potential EDXSO Collaboration with Machine Learning Hub,"Hi Machine Learning Hub,

I'm reaching out from EDXSO. Your channel focuses on Machine Learning, Developer Tools, and you currently have 16,300 subscribers. We're exploring potential creator collaborations and would be interested in discussing whether there could be a fit with your content. If you're open to hearing more, I can share the collaboration details, expected deliverables, and next steps. Thanks for your time, and I look forward to connecting.

Best,
EDXSO","Hi Machine Learning Hub! I came across your Machine Learning, Developer Tools content and would love to explore a potential EDXSO collaboration. Interested in hearing more?",72,26
"Rajistics - data science, AI, and machine learning","Potential EDXSO Collaboration with Rajistics - data science, AI, and machine learning","Hi Rajistics - data science, AI, and machine learning,

I'm reaching out from EDXSO. Your channel focuses on Machine Learning, Data Science, and you currently have 9,300 subscribers. We're exploring potential creator collaborations and would be interested in discussing whether there could be a fit with your content. If you're open to hearing more, I can share the collaboration details, expected deliverables, and next steps. Thanks for your time, and I look forward to connecting.

Best,
EDXSO","Hi Rajistics! I came across your Machine Learning, Data Science content and would love to explore a potential EDXSO collaboration. Interested in hearing more?",76,24
Machine Learning University,Potential EDXSO Collaboration with Machine Learning University,"Hi Machine Learning University,

I'm reaching out from EDXSO. Your channel focuses on Machine Learning, Developer Tools, and you currently have 85,100 subscribers. We're exploring potential creator collaborations and would be interested in discussing whether there could be a fit with your content. If you're open to hearing more, I can share the collaboration details, expected deliverables, and next steps. Thanks for your time, and I look forward to connecting.

Best,
EDXSO","Hi Machine Learning University! I came across your Machine Learning, Developer Tools content and would love to explore a potential EDXSO collaboration. Interested in hearing more?",72,26
Chemometrics & Machine Learning in Copenhagen,Potential EDXSO Collaboration with Chemometrics & Machine Learning in Copenhagen,"Hi Chemometrics & Machine Learning in Copenhagen,

I'm reaching out from EDXSO. Your channel focuses on Machine Learning, Data Science, and you currently have 7,270 subscribers. We're exploring potential creator collaborations and would be interested in discussing whether there could be a fit with your content. If you're open to hearing more, I can share the collaboration details, expected deliverables, and next steps. Thanks for your time, and I look forward to connecting.

Best,
EDXSO","Hi Chemometrics & Machine Learning! I came across your Machine Learning, Data Science content and would love to explore a potential EDXSO collaboration. Interested in hearing more?",74,26
Parallel Computing and Scientific Machine Learning,Potential EDXSO Collaboration with Parallel Computing and Scientific Machine Learning,"Hi Parallel Computing and Scientific Machine Learning,

I'm reaching out from EDXSO. Your channel focuses on Machine Learning, Developer Tools, and you currently have 5,910 subscribers. We're exploring potential creator collaborations and would be interested in discussing whether there could be a fit with your content. If you're open to hearing more, I can share the collaboration details, expected deliverables, and next steps. Thanks for your time, and I look forward to connecting.

Best,
EDXSO","Hi Parallel Computing and Scientific! I came across your Machine Learning, Developer Tools content and would love to explore a potential EDXSO collaboration. Interested in hearing more?",75,27
Physics Informed Machine Learning,Potential EDXSO Collaboration with Physics Informed Machine Learning,"Hi Physics Informed Machine Learning,

I'm reaching out from EDXSO. Your channel focuses on Machine Learning, and you currently have 7,350 subscribers. We're exploring potential creator collaborations and would be interested in discussing whether there could be a fit with your content. If you're open to hearing more, I can share the collaboration details, expected deliverables, and next steps. Thanks for your time, and I look forward to connecting.

Best,
EDXSO",Hi Physics Informed Machine Learning! I came across your Machine Learning content and would love to explore a potential EDXSO collaboration. Interested in hearing more?,71,25
Machine Learning Techniques,Potential EDXSO Collaboration with Machine Learning Techniques,"Hi Machine Learning Techniques,

I'm reaching out from EDXSO. Your channel focuses on AI / Technology, and you currently have 5,550 subscribers. We're exploring potential creator collaborations and would be interested in discussing whether there could be a fit with your content. If you're open to hearing more, I can share the collaboration details, expected deliverables, and next steps. Thanks for your time, and I look forward to connecting.

Best,
EDXSO",Hi Machine Learning Techniques! I came across your AI / Technology content and would love to explore a potential EDXSO collaboration. Interested in hearing more?,70,24
Splunk & Machine Learning,Potential EDXSO Collaboration with Splunk & Machine Learning,"Hi Splunk & Machine Learning,

I'm reaching out from EDXSO. Your channel focuses on Machine Learning, Developer Tools, and you currently have 26,400 subscribers. We're exploring potential creator collaborations and would be interested in discussing whether there could be a fit with your content. If you're open to hearing more, I can share the collaboration details, expected deliverables, and next steps. Thanks for your time, and I look forward to connecting.

Best,
EDXSO","Hi Splunk & Machine Learning! I came across your Machine Learning, Developer Tools content and would love to explore a potential EDXSO collaboration. Interested in hearing more?",72,26
Tübingen Machine Learning,Potential EDXSO Collaboration with Tübingen Machine Learning,"Hi Tübingen Machine Learning,

I'm reaching out from EDXSO. Your channel focuses on Machine Learning, and you currently have 51,400 subscribers. We're exploring potential creator collaborations and would be interested in discussing whether there could be a fit with your content. If you're open to hearing more, I can share the collaboration details, expected deliverables, and next steps. Thanks for your time, and I look forward to connecting.

Best,
EDXSO",Hi Tübingen Machine Learning! I came across your Machine Learning content and would love to explore a potential EDXSO collaboration. Interested in hearing more?,70,24
Machine Learning TV,Potential EDXSO Collaboration with Machine Learning TV,"Hi Machine Learning TV,

I'm reaching out from EDXSO. Your channel focuses on Machine Learning, and you currently have 40,800 subscribers. We're exploring potential creator collaborations and would be interested in discussing whether there could be a fit with your content. If you're open to hearing more, I can share the collaboration details, expected deliverables, and next steps. Thanks for your time, and I look forward to connecting.

Best,
EDXSO",Hi Machine Learning TV! I came across your Machine Learning content and would love to explore a potential EDXSO collaboration. Interested in hearing more?,70,24
Understanding Machine Learning - Shai Ben-David (UWaterloo Winter 2015),Potential EDXSO Collaboration with Understanding Machine Learning - Shai Ben-David (UWaterloo Winter 2015),"Hi Understanding Machine Learning - Shai Ben-David (UWaterloo Winter 2015),

I'm reaching out from EDXSO. Your channel focuses on Machine Learning, and you currently have 7,030 subscribers. We're exploring potential creator collaborations and would be interested in discussing whether there could be a fit with your content. If you're open to hearing more, I can share the collaboration details, expected deliverables, and next steps. Thanks for your time, and I look forward to connecting.

Best,
EDXSO",Hi Understanding Machine Learning! I came across your Machine Learning content and would love to explore a potential EDXSO collaboration. Interested in hearing more?,75,24
Data Science & Machine Learning - MLMINDS,Potential EDXSO Collaboration with Data Science & Machine Learning - MLMINDS,"Hi Data Science & Machine Learning - MLMINDS,

I'm reaching out from EDXSO. Your channel focuses on AI / Technology, and you currently have 8,460 subscribers. We're exploring potential creator collaborations and would be interested in discussing whether there could be a fit with your content. If you're open to hearing more, I can share the collaboration details, expected deliverables, and next steps. Thanks for your time, and I look forward to connecting.

Best,
EDXSO",Hi Data Science & Machine Learning! I came across your AI / Technology content and would love to explore a potential EDXSO collaboration. Interested in hearing more?,72,25
Machine Learning- Balaraman Ravindran,Potential EDXSO Collaboration with Machine Learning- Balaraman Ravindran,"Hi Machine Learning- Balaraman Ravindran,

I'm reaching out from EDXSO. Your channel focuses on AI / Technology, and you currently have 12,600 subscribers. We're exploring potential creator collaborations and would be interested in discussing whether there could be a fit with your content. If you're open to hearing more, I can share the collaboration details, expected deliverables, and next steps. Thanks for your time, and I look forward to connecting.

Best,
EDXSO",Hi Machine Learning- Balaraman Ravindran! I came across your AI / Technology content and would love to explore a potential EDXSO collaboration. Interested in hearing more?,71,25
Machine Learning and AI Academy,Potential EDXSO Collaboration with Machine Learning and AI Academy,"Hi Machine Learning and AI Academy,

I'm reaching out from EDXSO. Your channel focuses on Machine Learning, and you currently have 10,900 subscribers. We're exploring potential creator collaborations and would be interested in discussing whether there could be a fit with your content. If you're open to hearing more, I can share the collaboration details, expected deliverables, and next steps. Thanks for your time, and I look forward to connecting.

Best,
EDXSO",Hi Machine Learning and AI Academy! I came across your Machine Learning content and would love to explore a potential EDXSO collaboration. Interested in hearing more?,72,26
Sebastian Raschka,Potential EDXSO Collaboration with Sebastian Raschka,"Hi Sebastian Raschka,

I'm reaching out from EDXSO. Your channel focuses on LLMs, and you currently have 98,000 subscribers. We're exploring potential creator collaborations and would be interested in discussing whether there could be a fit with your content. If you're open to hearing more, I can share the collaboration details, expected deliverables, and next steps. Thanks for your time, and I look forward to connecting.

Best,
EDXSO",Hi Sebastian Raschka! I came across your LLMs content and would love to explore a potential EDXSO collaboration. Interested in hearing more?,68,22
LCS2,Potential EDXSO Collaboration with LCS2,"Hi LCS2,

I'm reaching out from EDXSO. Your channel focuses on LLMs, and you currently have 8,900 subscribers. We're exploring potential creator collaborations and would be interested in discussing whether there could be a fit with your content. If you're open to hearing more, I can share the collaboration details, expected deliverables, and next steps. Thanks for your time, and I look forward to connecting.

Best,
EDXSO",Hi LCS2! I came across your LLMs content and would love to explore a potential EDXSO collaboration. Interested in hearing more?,67,21
Rohan-Paul-AI,Potential EDXSO Collaboration with Rohan-Paul-AI,"Hi Rohan-Paul-AI,

I'm reaching out from EDXSO. Your channel focuses on AI / Technology, and you currently have 14,900 subscribers. We're exploring potential creator collaborations and would be interested in discussing whether there could be a fit with your content. If you're open to hearing more, I can share the collaboration details, expected deliverables, and next steps. Thanks for your time, and I look forward to connecting.

Best,
EDXSO",Hi Rohan-Paul-AI! I came across your AI / Technology content and would love to explore a potential EDXSO collaboration. Interested in hearing more?,68,22
Personal AI,Potential EDXSO Collaboration with Personal AI,"Hi Personal AI,

I'm reaching out from EDXSO. Your channel focuses on LLMs, and you currently have 17,300 subscribers. We're exploring potential creator collaborations and would be interested in discussing whether there could be a fit with your content. If you're open to hearing more, I can share the collaboration details, expected deliverables, and next steps. Thanks for your time, and I look forward to connecting.

Best,
EDXSO",Hi Personal AI! I came across your LLMs content and would love to explore a potential EDXSO collaboration. Interested in hearing more?,68,22
Under The Hood,Potential EDXSO Collaboration with Under The Hood,"Hi Under The Hood,

I'm reaching out from EDXSO. Your channel focuses on Machine Learning, Developer Tools, and you currently have 17,700 subscribers. We're exploring potential creator collaborations and would be interested in discussing whether there could be a fit with your content. If you're open to hearing more, I can share the collaboration details, expected deliverables, and next steps. Thanks for your time, and I look forward to connecting.

Best,
EDXSO","Hi Under The Hood! I came across your Machine Learning, Developer Tools content and would love to explore a potential EDXSO collaboration. Interested in hearing more?",72,26
FreeBirds Crew - Data Science and GenAI,Potential EDXSO Collaboration with FreeBirds Crew - Data Science and GenAI,"Hi FreeBirds Crew - Data Science and GenAI,

I'm reaching out from EDXSO. Your channel focuses on Generative AI, LLMs, and you currently have 19,100 subscribers. We're exploring potential creator collaborations and would be interested in discussing whether there could be a fit with your content. If you're open to hearing more, I can share the collaboration details, expected deliverables, and next steps. Thanks for your time, and I look forward to connecting.

Best,
EDXSO","Hi FreeBirds Crew! I came across your Generative AI, LLMs content and would love to explore a potential EDXSO collaboration. Interested in hearing more?",74,24
AI Papers Academy,Potential EDXSO Collaboration with AI Papers Academy,"Hi AI Papers Academy,

I'm reaching out from EDXSO. Your channel focuses on AI / Technology, and you currently have 36,800 subscribers. We're exploring potential creator collaborations and would be interested in discussing whether there could be a fit with your content. If you're open to hearing more, I can share the collaboration details, expected deliverables, and next steps. Thanks for your time, and I look forward to connecting.

Best,
EDXSO",Hi AI Papers Academy! I came across your AI / Technology content and would love to explore a potential EDXSO collaboration. Interested in hearing more?,70,24
The TWIML AI Podcast with Sam Charrington,Potential EDXSO Collaboration with The TWIML AI Podcast with Sam Charrington,"Hi The TWIML AI Podcast with Sam Charrington,

I'm reaching out from EDXSO. Your channel focuses on Machine Learning, Data Science, and you currently have 30,800 subscribers. We're exploring potential creator collaborations and would be interested in discussing whether there could be a fit with your content. If you're open to hearing more, I can share the collaboration details, expected deliverables, and next steps. Thanks for your time, and I look forward to connecting.

Best,
EDXSO","Hi The TWIML AI Podcast! I came across your Machine Learning, Data Science content and would love to explore a potential EDXSO collaboration. Interested in hearing more?",76,27
Hyung Won Chung,Potential EDXSO Collaboration with Hyung Won Chung,"Hi Hyung Won Chung,

I'm reaching out from EDXSO. Your channel focuses on Generative AI, LLMs, and you currently have 7,960 subscribers. We're exploring potential creator collaborations and would be interested in discussing whether there could be a fit with your content. If you're open to hearing more, I can share the collaboration details, expected deliverables, and next steps. Thanks for your time, and I look forward to connecting.

Best,
EDXSO","Hi Hyung Won Chung! I came across your Generative AI, LLMs content and would love to explore a potential EDXSO collaboration. Interested in hearing more?",71,25
Julia Turc,Potential EDXSO Collaboration with Julia Turc,"Hi Julia Turc,

I'm reaching out from EDXSO. Your channel focuses on AI / Technology, and you currently have 80,800 subscribers. We're exploring potential creator collaborations and would be interested in discussing whether there could be a fit with your content. If you're open to hearing more, I can share the collaboration details, expected deliverables, and next steps. Thanks for your time, and I look forward to connecting.

Best,
EDXSO",Hi Julia Turc! I came across your AI / Technology content and would love to explore a potential EDXSO collaboration. Interested in hearing more?,69,23
Decoder,Potential EDXSO Collaboration with Decoder,"Hi Decoder,

I'm reaching out from EDXSO. Your channel focuses on LLMs, Machine Learning, and you currently have 8,470 subscribers. We're exploring potential creator collaborations and would be interested in discussing whether there could be a fit with your content. If you're open to hearing more, I can share the collaboration details, expected deliverables, and next steps. Thanks for your time, and I look forward to connecting.

Best,
EDXSO","Hi Decoder! I came across your LLMs, Machine Learning content and would love to explore a potential EDXSO collaboration. Interested in hearing more?",69,23
Muhammad Moin,Potential EDXSO Collaboration with Muhammad Moin,"Hi Muhammad Moin,

I'm reaching out from EDXSO. Your channel focuses on LLMs, and you currently have 8,610 subscribers. We're exploring potential creator collaborations and would be interested in discussing whether there could be a fit with your content. If you're open to hearing more, I can share the collaboration details, expected deliverables, and next steps. Thanks for your time, and I look forward to connecting.

Best,
EDXSO",Hi Muhammad Moin! I came across your LLMs content and would love to explore a potential EDXSO collaboration. Interested in hearing more?,68,22
Samuel Albanie,Potential EDXSO Collaboration with Samuel Albanie,"Hi Samuel Albanie,

I'm reaching out from EDXSO. Your channel focuses on Developer Tools, and you currently have 22,000 subscribers. We're exploring potential creator collaborations and would be interested in discussing whether there could be a fit with your content. If you're open to hearing more, I can share the collaboration details, expected deliverables, and next steps. Thanks for your time, and I look forward to connecting.

Best,
EDXSO",Hi Samuel Albanie! I came across your Developer Tools content and would love to explore a potential EDXSO collaboration. Interested in hearing more?,69,23
LLM Haven,Potential EDXSO Collaboration with LLM Haven,"Hi LLM Haven,

I'm reaching out from EDXSO. Your channel focuses on LLMs, and you currently have 10,100 subscribers. We're exploring potential creator collaborations and would be interested in discussing whether there could be a fit with your content. If you're open to hearing more, I can share the collaboration details, expected deliverables, and next steps. Thanks for your time, and I look forward to connecting.

Best,
EDXSO",Hi LLM Haven! I came across your LLMs content and would love to explore a potential EDXSO collaboration. Interested in hearing more?,68,22
